,country_name,year,conflict_events
0,Algeria,1998,48.0
1,Algeria,1999,66.0
2,Algeria,2000,170.0
3,Algeria,2001,250.0
4,Algeria,2002,268.0
5,Algeria,2003,208.0
6,Algeria,2004,142.0
7,Algeria,2005,108.0
8,Algeria,2006,197.0
9,Algeria,2007,309.0
10,Algeria,2008,219.0
11,Algeria,2009,239.0
12,Algeria,2010,127.0
13,Algeria,2011,355.0
14,Algeria,2012,209.0
15,Algeria,2013,266.0
16,Algeria,2014,283.0
17,Algeria,2015,356.0
18,Algeria,2016,357.0
19,Algeria,2017,540.0
20,Algeria,2018,701.0
21,Angola,1998,520.0
22,Angola,1999,1386.0
23,Angola,2000,342.0
24,Angola,2001,325.0
25,Angola,2002,28.0
26,Angola,2003,6.0
27,Angola,2004,7.0
28,Angola,2005,3.0
29,Angola,2006,6.0
30,Angola,2007,15.0
31,Angola,2008,10.0
32,Angola,2009,13.0
33,Angola,2010,9.0
34,Angola,2011,20.0
35,Angola,2012,14.0
36,Angola,2013,22.0
37,Angola,2014,8.0
38,Angola,2015,14.0
39,Angola,2016,45.0
40,Angola,2017,93.0
41,Angola,2018,71.0
42,Benin,1998,3.0
43,Benin,1999,2.0
44,Benin,2000,1.0
45,Benin,2001,3.0
46,Benin,2002,1.0
47,Benin,2003,2.0
48,Benin,2004,2.0
49,Benin,2005,2.0
50,Benin,2006,1.0
51,Benin,2007,3.0
52,Benin,2008,1.0
53,Benin,2009,2.0
54,Benin,2010,10.0
55,Benin,2011,7.0
56,Benin,2012,14.0
57,Benin,2013,10.0
58,Benin,2014,7.0
59,Benin,2015,8.0
60,Benin,2016,17.0
61,Benin,2017,35.0
62,Benin,2018,32.0
63,Botswana,1998,1.0
64,Botswana,1999,0.0
65,Botswana,2000,1.0
66,Botswana,2001,0.0
67,Botswana,2002,0.0
68,Botswana,2003,1.0
69,Botswana,2004,6.0
70,Botswana,2005,3.0
71,Botswana,2006,2.0
72,Botswana,2007,2.0
73,Botswana,2008,2.0
74,Botswana,2009,2.0
75,Botswana,2010,2.0
76,Botswana,2011,3.0
77,Botswana,2012,0.0
78,Botswana,2013,1.0
79,Botswana,2014,5.0
80,Botswana,2015,4.0
81,Botswana,2016,4.0
82,Botswana,2017,4.0
83,Botswana,2018,9.0
84,Burkina Faso,1998,3.0
85,Burkina Faso,1999,31.0
86,Burkina Faso,2000,22.0
87,Burkina Faso,2001,6.0
88,Burkina Faso,2002,6.0
89,Burkina Faso,2003,1.0
90,Burkina Faso,2004,4.0
91,Burkina Faso,2005,6.0
92,Burkina Faso,2006,8.0
93,Burkina Faso,2007,1.0
94,Burkina Faso,2008,12.0
95,Burkina Faso,2009,1.0
96,Burkina Faso,2010,5.0
97,Burkina Faso,2011,137.0
98,Burkina Faso,2012,68.0
99,Burkina Faso,2013,39.0
100,Burkina Faso,2014,123.0
101,Burkina Faso,2015,116.0
102,Burkina Faso,2016,104.0
103,Burkina Faso,2017,204.0
104,Burkina Faso,2018,398.0
105,Burundi,1998,116.0
106,Burundi,1999,165.0
107,Burundi,2000,503.0
108,Burundi,2001,629.0
109,Burundi,2002,442.0
110,Burundi,2003,223.0
111,Burundi,2004,77.0
112,Burundi,2005,75.0
113,Burundi,2006,133.0
114,Burundi,2007,29.0
115,Burundi,2008,105.0
116,Burundi,2009,74.0
117,Burundi,2010,101.0
118,Burundi,2011,27.0
119,Burundi,2012,15.0
120,Burundi,2013,12.0
121,Burundi,2014,74.0
122,Burundi,2015,1559.0
123,Burundi,2016,1177.0
124,Burundi,2017,834.0
125,Burundi,2018,948.0
126,Cabo Verde,1998,0.0
127,Cabo Verde,1999,0.0
128,Cabo Verde,2000,0.0
129,Cabo Verde,2001,0.0
130,Cabo Verde,2002,0.0
131,Cabo Verde,2003,0.0
132,Cabo Verde,2004,0.0
133,Cabo Verde,2005,0.0
134,Cabo Verde,2006,0.0
135,Cabo Verde,2007,0.0
136,Cabo Verde,2008,0.0
137,Cabo Verde,2009,0.0
138,Cabo Verde,2010,0.0
139,Cabo Verde,2011,0.0
140,Cabo Verde,2012,0.0
141,Cabo Verde,2013,0.0
142,Cabo Verde,2014,0.0
143,Cabo Verde,2015,0.0
144,Cabo Verde,2016,0.0
145,Cabo Verde,2017,0.0
146,Cabo Verde,2018,0.0
147,Cameroon,1998,6.0
148,Cameroon,1999,2.0
149,Cameroon,2000,8.0
150,Cameroon,2001,5.0
151,Cameroon,2002,2.0
152,Cameroon,2003,4.0
153,Cameroon,2004,14.0
154,Cameroon,2005,18.0
155,Cameroon,2006,6.0
156,Cameroon,2007,20.0
157,Cameroon,2008,23.0
158,Cameroon,2009,19.0
159,Cameroon,2010,16.0
160,Cameroon,2011,13.0
161,Cameroon,2012,12.0
162,Cameroon,2013,39.0
163,Cameroon,2014,122.0
164,Cameroon,2015,135.0
165,Cameroon,2016,297.0
166,Cameroon,2017,401.0
167,Cameroon,2018,717.0
168,Central African Republic,1998,22.0
169,Central African Republic,1999,18.0
170,Central African Republic,2000,16.0
171,Central African Republic,2001,43.0
172,Central African Republic,2002,70.0
173,Central African Republic,2003,77.0
174,Central African Republic,2004,36.0
175,Central African Republic,2005,21.0
176,Central African Republic,2006,57.0
177,Central African Republic,2007,101.0
178,Central African Republic,2008,86.0
179,Central African Republic,2009,97.0
180,Central African Republic,2010,171.0
181,Central African Republic,2011,73.0
182,Central African Republic,2012,147.0
183,Central African Republic,2013,511.0
184,Central African Republic,2014,1047.0
185,Central African Republic,2015,352.0
186,Central African Republic,2016,300.0
187,Central African Republic,2017,448.0
188,Central African Republic,2018,628.0
189,Chad,1998,12.0
190,Chad,1999,12.0
191,Chad,2000,22.0
192,Chad,2001,11.0
193,Chad,2002,15.0
194,Chad,2003,18.0
195,Chad,2004,47.0
196,Chad,2005,41.0
197,Chad,2006,116.0
198,Chad,2007,103.0
199,Chad,2008,75.0
200,Chad,2009,24.0
201,Chad,2010,11.0
202,Chad,2011,6.0
203,Chad,2012,8.0
204,Chad,2013,4.0
205,Chad,2014,20.0
206,Chad,2015,40.0
207,Chad,2016,40.0
208,Chad,2017,26.0
209,Chad,2018,83.0
210,Comoros,1998,0.0
211,Comoros,1999,0.0
212,Comoros,2000,0.0
213,Comoros,2001,0.0
214,Comoros,2002,0.0
215,Comoros,2003,0.0
216,Comoros,2004,0.0
217,Comoros,2005,0.0
218,Comoros,2006,0.0
219,Comoros,2007,0.0
220,Comoros,2008,0.0
221,Comoros,2009,0.0
222,Comoros,2010,0.0
223,Comoros,2011,0.0
224,Comoros,2012,0.0
225,Comoros,2013,0.0
226,Comoros,2014,0.0
227,Comoros,2015,0.0
228,Comoros,2016,0.0
229,Comoros,2017,0.0
230,Comoros,2018,0.0
231,Democratic Republic of Congo,1998,311.0
232,Democratic Republic of Congo,1999,506.0
233,Democratic Republic of Congo,2000,208.0
234,Democratic Republic of Congo,2001,331.0
235,Democratic Republic of Congo,2002,384.0
236,Democratic Republic of Congo,2003,284.0
237,Democratic Republic of Congo,2004,232.0
238,Democratic Republic of Congo,2005,299.0
239,Democratic Republic of Congo,2006,330.0
240,Democratic Republic of Congo,2007,259.0
241,Democratic Republic of Congo,2008,438.0
242,Democratic Republic of Congo,2009,687.0
243,Democratic Republic of Congo,2010,303.0
244,Democratic Republic of Congo,2011,839.0
245,Democratic Republic of Congo,2012,1031.0
246,Democratic Republic of Congo,2013,833.0
247,Democratic Republic of Congo,2014,1051.0
248,Democratic Republic of Congo,2015,837.0
249,Democratic Republic of Congo,2016,969.0
250,Democratic Republic of Congo,2017,1063.0
251,Democratic Republic of Congo,2018,1654.0
252,Djibouti,1998,2.0
253,Djibouti,1999,7.0
254,Djibouti,2000,1.0
255,Djibouti,2001,2.0
256,Djibouti,2002,1.0
257,Djibouti,2003,1.0
258,Djibouti,2004,2.0
259,Djibouti,2005,2.0
260,Djibouti,2006,3.0
261,Djibouti,2007,2.0
262,Djibouti,2008,2.0
263,Djibouti,2009,6.0
264,Djibouti,2010,10.0
265,Djibouti,2011,6.0
266,Djibouti,2012,2.0
267,Djibouti,2013,10.0
268,Djibouti,2014,23.0
269,Djibouti,2015,9.0
270,Djibouti,2016,5.0
271,Djibouti,2017,5.0
272,Djibouti,2018,3.0
273,Egypt,1998,18.0
274,Egypt,1999,10.0
275,Egypt,2000,49.0
276,Egypt,2001,26.0
277,Egypt,2002,51.0
278,Egypt,2003,5.0
279,Egypt,2004,3.0
280,Egypt,2005,56.0
281,Egypt,2006,10.0
282,Egypt,2007,15.0
283,Egypt,2008,85.0
284,Egypt,2009,49.0
285,Egypt,2010,122.0
286,Egypt,2011,1496.0
287,Egypt,2012,415.0
288,Egypt,2013,2445.0
289,Egypt,2014,1589.0
290,Egypt,2015,1229.0
291,Egypt,2016,737.0
292,Egypt,2017,588.0
293,Egypt,2018,497.0
294,Equatorial Guinea,1998,2.0
295,Equatorial Guinea,1999,0.0
296,Equatorial Guinea,2000,2.0
297,Equatorial Guinea,2001,1.0
298,Equatorial Guinea,2002,1.0
299,Equatorial Guinea,2003,1.0
300,Equatorial Guinea,2004,3.0
301,Equatorial Guinea,2005,2.0
302,Equatorial Guinea,2006,1.0
303,Equatorial Guinea,2007,2.0
304,Equatorial Guinea,2008,2.0
305,Equatorial Guinea,2009,6.0
306,Equatorial Guinea,2010,1.0
307,Equatorial Guinea,2011,1.0
308,Equatorial Guinea,2012,2.0
309,Equatorial Guinea,2013,1.0
310,Equatorial Guinea,2014,2.0
311,Equatorial Guinea,2015,1.0
312,Equatorial Guinea,2016,8.0
313,Equatorial Guinea,2017,9.0
314,Equatorial Guinea,2018,8.0
315,Guinea,2006,7.0
316,Eritrea,1998,58.0
317,Eritrea,1999,149.0
318,Eritrea,2000,79.0
319,Eritrea,2001,3.0
320,Eritrea,2002,1.0
321,Eritrea,2003,7.0
322,Eritrea,2004,5.0
323,Eritrea,2005,4.0
324,Eritrea,2006,9.0
325,Eritrea,2007,5.0
326,Eritrea,2008,21.0
327,Eritrea,2009,8.0
328,Eritrea,2010,3.0
329,Eritrea,2011,4.0
330,Eritrea,2012,6.0
331,Eritrea,2013,8.0
332,Eritrea,2014,3.0
333,Eritrea,2015,5.0
334,Eritrea,2016,7.0
335,Eritrea,2017,7.0
336,Eritrea,2018,6.0
337,Eswatini,1998,5.0
338,Eswatini,1999,2.0
339,Eswatini,2000,6.0
340,Eswatini,2001,2.0
341,Eswatini,2002,4.0
342,Eswatini,2003,9.0
343,Eswatini,2004,2.0
344,Eswatini,2005,4.0
345,Eswatini,2006,4.0
346,Eswatini,2007,3.0
347,Eswatini,2008,10.0
348,Eswatini,2009,1.0
349,Eswatini,2010,7.0
350,Eswatini,2011,11.0
351,Eswatini,2012,49.0
352,Eswatini,2013,17.0
353,Eswatini,2014,11.0
354,Eswatini,2015,8.0
355,Eswatini,2016,6.0
356,Eswatini,2017,3.0
357,Eswatini,2018,7.0
358,Ethiopia,1998,60.0
359,Ethiopia,1999,73.0
360,Ethiopia,2000,135.0
361,Ethiopia,2001,57.0
362,Ethiopia,2002,233.0
363,Ethiopia,2003,116.0
364,Ethiopia,2004,124.0
365,Ethiopia,2005,127.0
366,Ethiopia,2006,89.0
367,Ethiopia,2007,44.0
368,Ethiopia,2008,113.0
369,Ethiopia,2009,100.0
370,Ethiopia,2010,191.0
371,Ethiopia,2011,83.0
372,Ethiopia,2012,160.0
373,Ethiopia,2013,141.0
374,Ethiopia,2014,132.0
375,Ethiopia,2015,378.0
376,Ethiopia,2016,1218.0
377,Ethiopia,2017,494.0
378,Ethiopia,2018,892.0
379,Gabon,1998,2.0
380,Gabon,1999,3.0
381,Gabon,2000,2.0
382,Gabon,2001,4.0
383,Gabon,2002,1.0
384,Gabon,2003,1.0
385,Gabon,2004,3.0
386,Gabon,2005,1.0
387,Gabon,2006,4.0
388,Gabon,2007,0.0
389,Gabon,2008,2.0
390,Gabon,2009,8.0
391,Gabon,2010,3.0
392,Gabon,2011,3.0
393,Gabon,2012,7.0
394,Gabon,2013,20.0
395,Gabon,2014,14.0
396,Gabon,2015,20.0
397,Gabon,2016,26.0
398,Gabon,2017,19.0
399,Gabon,2018,30.0
400,Gambia,1998,1.0
401,Gambia,1999,4.0
402,Gambia,2000,9.0
403,Gambia,2001,15.0
404,Gambia,2002,13.0
405,Gambia,2003,13.0
406,Gambia,2004,5.0
407,Gambia,2005,4.0
408,Gambia,2006,5.0
409,Gambia,2007,2.0
410,Gambia,2008,4.0
411,Gambia,2009,4.0
412,Gambia,2010,3.0
413,Gambia,2011,4.0
414,Gambia,2012,6.0
415,Gambia,2013,3.0
416,Gambia,2014,8.0
417,Gambia,2015,23.0
418,Gambia,2016,14.0
419,Gambia,2017,40.0
420,Gambia,2018,11.0
421,Ghana,1998,4.0
422,Ghana,1999,2.0
423,Ghana,2000,10.0
424,Ghana,2001,8.0
425,Ghana,2002,7.0
426,Ghana,2003,17.0
427,Ghana,2004,7.0
428,Ghana,2005,3.0
429,Ghana,2006,3.0
430,Ghana,2007,5.0
431,Ghana,2008,11.0
432,Ghana,2009,17.0
433,Ghana,2010,13.0
434,Ghana,2011,9.0
435,Ghana,2012,45.0
436,Ghana,2013,52.0
437,Ghana,2014,47.0
438,Ghana,2015,86.0
439,Ghana,2016,117.0
440,Ghana,2017,114.0
441,Ghana,2018,104.0
442,Guinea,1998,34.0
443,Guinea,1999,42.0
444,Guinea,2000,180.0
445,Guinea,2001,70.0
446,Guinea,2002,14.0
447,Guinea,2003,10.0
448,Guinea,2004,11.0
449,Guinea,2005,15.0
450,Guinea,2007,46.0
451,Guinea,2008,15.0
452,Guinea,2009,38.0
453,Guinea,2010,24.0
454,Guinea,2011,9.0
455,Guinea,2012,36.0
456,Guinea,2013,91.0
457,Guinea,2014,40.0
458,Guinea,2015,54.0
459,Guinea,2016,47.0
460,Guinea,2017,68.0
461,Guinea,2018,143.0
462,Guinea-Bissau,1998,64.0
463,Guinea-Bissau,1999,18.0
464,Guinea-Bissau,2000,9.0
465,Guinea-Bissau,2001,2.0
466,Guinea-Bissau,2002,3.0
467,Guinea-Bissau,2003,5.0
468,Guinea-Bissau,2004,4.0
469,Guinea-Bissau,2005,13.0
470,Guinea-Bissau,2006,21.0
471,Guinea-Bissau,2007,2.0
472,Guinea-Bissau,2008,2.0
473,Guinea-Bissau,2009,9.0
474,Guinea-Bissau,2010,4.0
475,Guinea-Bissau,2011,7.0
476,Guinea-Bissau,2012,16.0
477,Guinea-Bissau,2013,7.0
478,Guinea-Bissau,2014,5.0
479,Guinea-Bissau,2015,2.0
480,Guinea-Bissau,2016,3.0
481,Guinea-Bissau,2017,16.0
482,Guinea-Bissau,2018,9.0
483,Ivory Coast,1998,14.0
484,Ivory Coast,1999,73.0
485,Ivory Coast,2000,133.0
486,Ivory Coast,2001,34.0
487,Ivory Coast,2002,134.0
488,Ivory Coast,2003,176.0
489,Ivory Coast,2004,101.0
490,Ivory Coast,2005,45.0
491,Ivory Coast,2006,28.0
492,Ivory Coast,2007,6.0
493,Ivory Coast,2008,24.0
494,Ivory Coast,2009,5.0
495,Ivory Coast,2010,124.0
496,Ivory Coast,2011,228.0
497,Ivory Coast,2012,70.0
498,Ivory Coast,2013,98.0
499,Ivory Coast,2014,100.0
500,Ivory Coast,2015,71.0
501,Ivory Coast,2016,67.0
502,Ivory Coast,2017,105.0
503,Ivory Coast,2018,74.0
504,Kenya,1998,180.0
505,Kenya,1999,193.0
506,Kenya,2000,190.0
507,Kenya,2001,165.0
508,Kenya,2002,211.0
509,Kenya,2003,165.0
510,Kenya,2004,148.0
511,Kenya,2005,160.0
512,Kenya,2006,140.0
513,Kenya,2007,421.0
514,Kenya,2008,452.0
515,Kenya,2009,143.0
516,Kenya,2010,160.0
517,Kenya,2011,156.0
518,Kenya,2012,380.0
519,Kenya,2013,661.0
520,Kenya,2014,465.0
521,Kenya,2015,322.0
522,Kenya,2016,291.0
523,Kenya,2017,943.0
524,Kenya,2018,535.0
525,Lesotho,1998,35.0
526,Lesotho,1999,4.0
527,Lesotho,2000,2.0
528,Lesotho,2001,2.0
529,Lesotho,2002,2.0
530,Lesotho,2003,4.0
531,Lesotho,2004,1.0
532,Lesotho,2005,0.0
533,Lesotho,2006,3.0
534,Lesotho,2007,2.0
535,Lesotho,2008,1.0
536,Lesotho,2009,2.0
537,Lesotho,2010,3.0
538,Lesotho,2011,4.0
539,Lesotho,2012,20.0
540,Lesotho,2013,0.0
541,Lesotho,2014,10.0
542,Lesotho,2015,6.0
543,Lesotho,2016,4.0
544,Lesotho,2017,4.0
545,Lesotho,2018,3.0
546,Liberia,1998,26.0
547,Liberia,1999,42.0
548,Liberia,2000,87.0
549,Liberia,2001,175.0
550,Liberia,2002,148.0
551,Liberia,2003,242.0
552,Liberia,2004,22.0
553,Liberia,2005,26.0
554,Liberia,2006,22.0
555,Liberia,2007,9.0
556,Liberia,2008,16.0
557,Liberia,2009,8.0
558,Liberia,2010,10.0
559,Liberia,2011,29.0
560,Liberia,2012,17.0
561,Liberia,2013,66.0
562,Liberia,2014,114.0
563,Liberia,2015,70.0
564,Liberia,2016,62.0
565,Liberia,2017,56.0
566,Liberia,2018,39.0
567,Libya,1998,10.0
568,Libya,1999,2.0
569,Libya,2000,5.0
570,Libya,2001,3.0
571,Libya,2002,5.0
572,Libya,2003,2.0
573,Libya,2004,6.0
574,Libya,2005,7.0
575,Libya,2006,7.0
576,Libya,2007,1.0
577,Libya,2008,6.0
578,Libya,2009,6.0
579,Libya,2010,6.0
580,Libya,2011,698.0
581,Libya,2012,286.0
582,Libya,2013,551.0
583,Libya,2014,1603.0
584,Libya,2015,1417.0
585,Libya,2016,1151.0
586,Libya,2017,1030.0
587,Libya,2018,788.0
588,Madagascar,1998,3.0
589,Madagascar,1999,1.0
590,Madagascar,2000,4.0
591,Madagascar,2001,6.0
592,Madagascar,2002,102.0
593,Madagascar,2003,18.0
594,Madagascar,2004,22.0
595,Madagascar,2005,11.0
596,Madagascar,2006,10.0
597,Madagascar,2007,17.0
598,Madagascar,2008,1.0
599,Madagascar,2009,103.0
600,Madagascar,2010,17.0
601,Madagascar,2011,3.0
602,Madagascar,2012,84.0
603,Madagascar,2013,70.0
604,Madagascar,2014,133.0
605,Madagascar,2015,102.0
606,Madagascar,2016,104.0
607,Madagascar,2017,170.0
608,Madagascar,2018,117.0
609,Malawi,1998,5.0
610,Malawi,1999,2.0
611,Malawi,2000,16.0
612,Malawi,2001,21.0
613,Malawi,2002,11.0
614,Malawi,2003,13.0
615,Malawi,2004,5.0
616,Malawi,2005,6.0
617,Malawi,2006,6.0
618,Malawi,2007,6.0
619,Malawi,2008,6.0
620,Malawi,2009,4.0
621,Malawi,2010,5.0
622,Malawi,2011,23.0
623,Malawi,2012,12.0
624,Malawi,2013,23.0
625,Malawi,2014,35.0
626,Malawi,2015,52.0
627,Malawi,2016,63.0
628,Malawi,2017,49.0
629,Malawi,2018,46.0
630,Mali,1998,3.0
631,Mali,1999,10.0
632,Mali,2000,4.0
633,Mali,2001,5.0
634,Mali,2002,2.0
635,Mali,2003,3.0
636,Mali,2004,3.0
637,Mali,2005,2.0
638,Mali,2006,10.0
639,Mali,2007,12.0
640,Mali,2008,21.0
641,Mali,2009,10.0
642,Mali,2010,18.0
643,Mali,2011,29.0
644,Mali,2012,278.0
645,Mali,2013,311.0
646,Mali,2014,152.0
647,Mali,2015,178.0
648,Mali,2016,167.0
649,Mali,2017,473.0
650,Mali,2018,751.0
651,Mauritania,1998,1.0
652,Mauritania,1999,3.0
653,Mauritania,2000,4.0
654,Mauritania,2001,1.0
655,Mauritania,2002,3.0
656,Mauritania,2003,13.0
657,Mauritania,2004,2.0
658,Mauritania,2005,9.0
659,Mauritania,2006,3.0
660,Mauritania,2007,5.0
661,Mauritania,2008,16.0
662,Mauritania,2009,10.0
663,Mauritania,2010,14.0
664,Mauritania,2011,31.0
665,Mauritania,2012,74.0
666,Mauritania,2013,57.0
667,Mauritania,2014,54.0
668,Mauritania,2015,39.0
669,Mauritania,2016,23.0
670,Mauritania,2017,56.0
671,Mauritania,2018,68.0
672,Mauritius,1998,0.0
673,Mauritius,1999,0.0
674,Mauritius,2000,0.0
675,Mauritius,2001,0.0
676,Mauritius,2002,0.0
677,Mauritius,2003,0.0
678,Mauritius,2004,0.0
679,Mauritius,2005,0.0
680,Mauritius,2006,0.0
681,Mauritius,2007,0.0
682,Mauritius,2008,0.0
683,Mauritius,2009,0.0
684,Mauritius,2010,0.0
685,Mauritius,2011,0.0
686,Mauritius,2012,0.0
687,Mauritius,2013,0.0
688,Mauritius,2014,0.0
689,Mauritius,2015,0.0
690,Mauritius,2016,0.0
691,Mauritius,2017,0.0
692,Mauritius,2018,0.0
693,Morocco,1998,13.0
694,Morocco,1999,16.0
695,Morocco,2000,18.0
696,Morocco,2001,8.0
697,Morocco,2002,10.0
698,Morocco,2003,12.0
699,Morocco,2004,6.0
700,Morocco,2005,18.0
701,Morocco,2006,14.0
702,Morocco,2007,15.0
703,Morocco,2008,11.0
704,Morocco,2009,6.0
705,Morocco,2010,15.0
706,Morocco,2011,197.0
707,Morocco,2012,84.0
708,Morocco,2013,109.0
709,Morocco,2014,140.0
710,Morocco,2015,126.0
711,Morocco,2016,112.0
712,Sao Tome and Principe,1999,0.0
713,Morocco,2017,185.0
714,Morocco,2018,238.0
715,Mozambique,1998,1.0
716,Mozambique,1999,4.0
717,Mozambique,2000,12.0
718,Mozambique,2001,13.0
719,Mozambique,2002,2.0
720,Mozambique,2003,27.0
721,Mozambique,2004,31.0
722,Mozambique,2005,20.0
723,Mozambique,2006,7.0
724,Mozambique,2007,9.0
725,Mozambique,2008,20.0
726,Mozambique,2009,47.0
727,Mozambique,2010,23.0
728,Mozambique,2011,14.0
729,Mozambique,2012,35.0
730,Mozambique,2013,95.0
731,Mozambique,2014,142.0
732,Mozambique,2015,44.0
733,Mozambique,2016,125.0
734,Mozambique,2017,100.0
735,Mozambique,2018,145.0
736,Namibia,1998,4.0
737,Namibia,1999,42.0
738,Namibia,2000,69.0
739,Namibia,2001,20.0
740,Namibia,2002,7.0
741,Namibia,2003,13.0
742,Namibia,2004,2.0
743,Namibia,2005,1.0
744,Namibia,2006,12.0
745,Namibia,2007,18.0
746,Namibia,2008,20.0
747,Namibia,2009,9.0
748,Namibia,2010,12.0
749,Namibia,2011,16.0
750,Namibia,2012,112.0
751,Namibia,2013,85.0
752,Namibia,2014,64.0
753,Namibia,2015,74.0
754,Namibia,2016,46.0
755,Namibia,2017,26.0
756,Namibia,2018,33.0
757,Niger,1998,40.0
758,Niger,1999,10.0
759,Niger,2000,10.0
760,Niger,2001,9.0
761,Niger,2002,41.0
762,Niger,2003,6.0
763,Niger,2004,17.0
764,Niger,2005,9.0
765,Niger,2006,8.0
766,Niger,2007,31.0
767,Niger,2008,28.0
768,Niger,2009,16.0
769,Niger,2010,10.0
770,Niger,2011,10.0
771,Niger,2012,9.0
772,Niger,2013,25.0
773,Niger,2014,20.0
774,Niger,2015,71.0
775,Niger,2016,82.0
776,Niger,2017,56.0
777,Niger,2018,168.0
778,Nigeria,1998,154.0
779,Nigeria,1999,203.0
780,Nigeria,2000,166.0
781,Nigeria,2001,114.0
782,Nigeria,2002,152.0
783,Nigeria,2003,203.0
784,Nigeria,2004,276.0
785,Nigeria,2005,198.0
786,Nigeria,2006,120.0
787,Nigeria,2007,194.0
788,Nigeria,2008,196.0
789,Nigeria,2009,225.0
790,Nigeria,2010,471.0
791,Sao Tome and Principe,2000,0.0
792,Nigeria,2011,344.0
793,Nigeria,2012,920.0
794,Nigeria,2013,1048.0
795,Nigeria,2014,1513.0
796,Nigeria,2015,1673.0
797,Nigeria,2016,1409.0
798,Nigeria,2017,1635.0
799,Nigeria,2018,2036.0
800,Republic of Congo,1998,42.0
801,Republic of Congo,1999,75.0
802,Republic of Congo,2000,6.0
803,Republic of Congo,2001,5.0
804,Republic of Congo,2002,42.0
805,Republic of Congo,2003,3.0
806,Republic of Congo,2004,7.0
807,Republic of Congo,2005,10.0
808,Republic of Congo,2006,1.0
809,Republic of Congo,2007,3.0
810,Republic of Congo,2008,0.0
811,Republic of Congo,2009,9.0
812,Republic of Congo,2010,4.0
813,Republic of Congo,2011,0.0
814,Republic of Congo,2012,6.0
815,Republic of Congo,2013,3.0
816,Republic of Congo,2014,19.0
817,Republic of Congo,2015,30.0
818,Republic of Congo,2016,39.0
819,Republic of Congo,2017,17.0
820,Republic of Congo,2018,16.0
821,Rwanda,1998,138.0
822,Rwanda,1999,13.0
823,Rwanda,2000,19.0
824,Rwanda,2001,27.0
825,Rwanda,2002,5.0
826,Rwanda,2003,4.0
827,Rwanda,2004,2.0
828,Rwanda,2005,3.0
829,Rwanda,2006,10.0
830,Rwanda,2007,20.0
831,Rwanda,2008,12.0
832,Rwanda,2009,16.0
833,Rwanda,2010,51.0
834,Rwanda,2011,39.0
835,Rwanda,2012,50.0
836,Rwanda,2013,19.0
837,Rwanda,2014,11.0
838,Rwanda,2015,29.0
839,Rwanda,2016,8.0
840,Rwanda,2017,7.0
841,Rwanda,2018,22.0
842,Sao Tome and Principe,1998,0.0
843,Sao Tome and Principe,2001,0.0
844,Sao Tome and Principe,2002,0.0
845,Sao Tome and Principe,2003,0.0
846,Sao Tome and Principe,2004,0.0
847,Sao Tome and Principe,2005,0.0
848,Sao Tome and Principe,2006,0.0
849,Sao Tome and Principe,2007,0.0
850,Sao Tome and Principe,2008,0.0
851,Sao Tome and Principe,2009,0.0
852,Sao Tome and Principe,2010,0.0
853,Sao Tome and Principe,2011,0.0
854,Sao Tome and Principe,2012,0.0
855,Sao Tome and Principe,2013,0.0
856,Sao Tome and Principe,2014,0.0
857,Sao Tome and Principe,2015,0.0
858,Sao Tome and Principe,2016,0.0
859,Sao Tome and Principe,2017,0.0
860,Sao Tome and Principe,2018,0.0
861,Senegal,1998,34.0
862,Senegal,1999,33.0
863,Senegal,2000,85.0
864,Senegal,2001,61.0
865,Senegal,2002,40.0
866,Senegal,2003,18.0
867,Senegal,2004,11.0
868,Senegal,2005,11.0
869,Senegal,2006,29.0
870,Senegal,2007,24.0
871,Senegal,2008,20.0
872,Senegal,2009,22.0
873,Senegal,2010,23.0
874,Senegal,2011,31.0
875,Senegal,2012,57.0
876,Senegal,2013,60.0
877,Senegal,2014,130.0
878,Senegal,2015,95.0
879,Senegal,2016,55.0
880,Senegal,2017,53.0
881,Senegal,2018,88.0
882,Seychelles,1998,0.0
883,Seychelles,1999,0.0
884,Seychelles,2000,0.0
885,Seychelles,2001,0.0
886,Seychelles,2002,0.0
887,Seychelles,2003,0.0
888,Seychelles,2004,0.0
889,Seychelles,2005,0.0
890,Seychelles,2006,0.0
891,Seychelles,2007,0.0
892,Seychelles,2008,0.0
893,Seychelles,2009,0.0
894,Seychelles,2010,0.0
895,Seychelles,2011,0.0
896,Seychelles,2012,0.0
897,Seychelles,2013,0.0
898,Seychelles,2014,0.0
899,Seychelles,2015,0.0
900,Seychelles,2016,0.0
901,Seychelles,2017,0.0
902,Seychelles,2018,0.0
903,Sierra Leone,1998,1735.0
904,Sierra Leone,1999,955.0
905,Sierra Leone,2000,497.0
906,Sierra Leone,2001,224.0
907,Sierra Leone,2002,5.0
908,Sierra Leone,2003,17.0
909,Sierra Leone,2004,14.0
910,Sierra Leone,2005,5.0
911,Sierra Leone,2006,1.0
912,Sierra Leone,2007,6.0
913,Sierra Leone,2008,14.0
914,Sierra Leone,2009,25.0
915,Sierra Leone,2010,12.0
916,Sierra Leone,2011,10.0
917,Sierra Leone,2012,15.0
918,Sierra Leone,2013,10.0
919,Sierra Leone,2014,16.0
920,Sierra Leone,2015,26.0
921,Sierra Leone,2016,24.0
922,Sierra Leone,2017,26.0
923,Sierra Leone,2018,77.0
924,Somalia,1998,27.0
925,Somalia,1999,88.0
926,Somalia,2000,104.0
927,Somalia,2001,67.0
928,Somalia,2002,117.0
929,Somalia,2003,387.0
930,Somalia,2004,337.0
931,Somalia,2005,414.0
932,Somalia,2006,522.0
933,Somalia,2007,1358.0
934,Somalia,2008,1482.0
935,Somalia,2009,706.0
936,Somalia,2010,1315.0
937,Somalia,2011,1392.0
938,Somalia,2012,2144.0
939,Somalia,2013,3134.0
940,Somalia,2014,2945.0
941,Somalia,2015,2360.0
942,Somalia,2016,2664.0
943,Somalia,2017,3006.0
944,Somalia,2018,2823.0
945,South Africa,1998,84.0
946,South Africa,1999,73.0
947,South Africa,2000,91.0
948,South Africa,2001,104.0
949,South Africa,2002,111.0
950,South Sudan,2010,0.0
951,South Africa,2003,92.0
952,South Africa,2004,88.0
953,South Africa,2005,93.0
954,South Africa,2006,48.0
955,South Africa,2007,187.0
956,South Africa,2008,234.0
957,South Africa,2009,364.0
958,South Africa,2010,301.0
959,South Africa,2011,295.0
960,South Africa,2012,1057.0
961,South Africa,2013,1041.0
962,South Africa,2014,1077.0
963,South Africa,2015,1484.0
964,South Africa,2016,1418.0
965,South Africa,2017,1026.0
966,South Africa,2018,1039.0
967,South Sudan,1998,0.0
968,South Sudan,1999,0.0
969,South Sudan,2000,0.0
970,South Sudan,2001,0.0
971,South Sudan,2002,0.0
972,South Sudan,2003,0.0
973,South Sudan,2004,0.0
974,South Sudan,2005,0.0
975,South Sudan,2006,0.0
976,South Sudan,2007,0.0
977,South Sudan,2008,0.0
978,South Sudan,2009,0.0
979,South Sudan,2011,58.0
980,South Sudan,2012,231.0
981,South Sudan,2013,422.0
982,South Sudan,2014,1004.0
983,South Sudan,2015,876.0
984,South Sudan,2016,1008.0
985,South Sudan,2017,1241.0
986,South Sudan,2018,900.0
987,Sudan,1998,259.0
988,Sudan,1999,214.0
989,Sudan,2000,233.0
990,Sudan,2001,233.0
991,Sudan,2002,340.0
992,Sudan,2003,215.0
993,Sudan,2004,562.0
994,Sudan,2005,337.0
995,Sudan,2006,211.0
996,Sudan,2007,141.0
997,Sudan,2008,318.0
998,Sudan,2009,354.0
999,Sudan,2010,281.0
1000,Sudan,2011,334.0
1001,Sudan,2012,735.0
1002,Sudan,2013,1039.0
1003,Sudan,2014,1367.0
1004,Sudan,2015,1358.0
1005,Sudan,2016,1419.0
1006,Sudan,2017,820.0
1007,Sudan,2018,749.0
1008,Tanzania,1998,5.0
1009,Tanzania,1999,8.0
1010,Tanzania,2000,17.0
1011,Tanzania,2001,34.0
1012,Tanzania,2002,24.0
1013,Tanzania,2003,8.0
1014,Tanzania,2004,35.0
1015,Tanzania,2005,67.0
1016,Tanzania,2006,16.0
1017,Tanzania,2007,7.0
1018,Tanzania,2008,26.0
1019,Tanzania,2009,9.0
1020,Tanzania,2010,5.0
1021,Tanzania,2011,49.0
1022,Tanzania,2012,91.0
1023,Tanzania,2013,74.0
1024,Tanzania,2014,64.0
1025,Tanzania,2015,73.0
1026,Tanzania,2016,46.0
1027,Tanzania,2017,51.0
1028,Tanzania,2018,45.0
1029,Togo,1998,13.0
1030,Togo,1999,3.0
1031,Togo,2000,3.0
1032,Togo,2001,4.0
1033,Togo,2002,3.0
1034,Togo,2003,4.0
1035,Togo,2004,3.0
1036,Togo,2005,25.0
1037,Togo,2006,1.0
1038,Togo,2007,1.0
1039,Togo,2008,1.0
1040,Togo,2009,4.0
1041,Togo,2010,18.0
1042,Togo,2011,13.0
1043,Togo,2012,19.0
1044,Togo,2013,52.0
1045,Togo,2014,14.0
1046,Togo,2015,18.0
1047,Togo,2016,10.0
1048,Togo,2017,59.0
1049,Togo,2018,45.0
1050,Tunisia,1998,2.0
1051,Tunisia,1999,3.0
1052,Tunisia,2000,5.0
1053,Tunisia,2001,3.0
1054,Tunisia,2002,4.0
1055,Tunisia,2003,3.0
1056,Tunisia,2004,5.0
1057,Tunisia,2005,3.0
1058,Tunisia,2006,1.0
1059,Tunisia,2007,1.0
1060,Tunisia,2008,30.0
1061,Tunisia,2009,1.0
1062,Tunisia,2010,29.0
1063,Tunisia,2011,595.0
1064,Tunisia,2012,337.0
1065,Tunisia,2013,300.0
1066,Tunisia,2014,301.0
1067,Tunisia,2015,466.0
1068,Tunisia,2016,748.0
1069,Tunisia,2017,774.0
1070,Tunisia,2018,715.0
1071,Uganda,1998,327.0
1072,Uganda,1999,258.0
1073,Uganda,2000,268.0
1074,Uganda,2001,138.0
1075,Uganda,2002,473.0
1076,Uganda,2003,721.0
1077,Uganda,2004,377.0
1078,Uganda,2005,289.0
1079,Uganda,2006,282.0
1080,Uganda,2007,96.0
1081,Uganda,2008,92.0
1082,Uganda,2009,119.0
1083,Uganda,2010,122.0
1084,Uganda,2011,133.0
1085,Uganda,2012,140.0
1086,Uganda,2013,121.0
1087,Uganda,2014,114.0
1088,Uganda,2015,215.0
1089,Uganda,2016,245.0
1090,Uganda,2017,226.0
1091,Uganda,2018,364.0
1092,Zambia,1998,14.0
1093,Zambia,1999,12.0
1094,Zambia,2000,21.0
1095,Zambia,2001,18.0
1096,Zambia,2002,4.0
1097,Zambia,2003,34.0
1098,Zambia,2004,31.0
1099,Zambia,2005,61.0
1100,Zambia,2006,94.0
1101,Zambia,2007,127.0
1102,Zambia,2008,22.0
1103,Zambia,2009,47.0
1104,Zambia,2010,17.0
1105,Zambia,2011,33.0
1106,Zambia,2012,62.0
1107,Zambia,2013,96.0
1108,Zambia,2014,114.0
1109,Zambia,2015,108.0
1110,Zambia,2016,126.0
1111,Zambia,2017,38.0
1112,Zambia,2018,58.0
1113,Zimbabwe,1998,2.89
1114,Zimbabwe,1999,-0.82
1115,Zimbabwe,2000,-3.06
1116,Zimbabwe,2001,1.44
1117,Zimbabwe,2002,-8.89
1118,Zimbabwe,2003,-17.0
1119,Zimbabwe,2004,-5.81
1120,Zimbabwe,2005,-5.71
1121,Zimbabwe,2006,-3.46
1122,Zimbabwe,2007,-3.65
1123,Zimbabwe,2008,-17.67
1124,Zimbabwe,2009,12.02
1125,Zimbabwe,2010,19.68
1126,Zimbabwe,2011,14.19
1127,Zimbabwe,2012,16.67
1128,Zimbabwe,2013,1.99
1129,Zimbabwe,2014,2.38
1130,Zimbabwe,2015,1.78
1131,Zimbabwe,2016,0.76
1132,Zimbabwe,2017,4.7
1133,Zimbabwe,2018,4.83
